product_id,product_name,date,price
1,Laptop,2025-05-21,70149.01
1,Laptop,2025-05-22,69977.18
1,Laptop,2025-05-23,70231.62
1,Laptop,2025-05-24,70512.83
1,Laptop,2025-05-25,70004.22
1,Laptop,2025-05-26,70022.71
1,Laptop,2025-05-27,70585.1
1,Laptop,2025-05-28,70359.84
1,Laptop,2025-05-29,70006.92
1,Laptop,2025-05-30,70328.53
1,Laptop,2025-05-31,70044.57
1,Laptop,2025-06-01,70061.53
1,Laptop,2025-06-02,70291.3
1,Laptop,2025-06-03,69661.97
1,Laptop,2025-06-04,69735.48
1,Laptop,2025-06-05,70101.03
1,Laptop,2025-06-06,69982.35
1,Laptop,2025-06-07,70396.69
1,Laptop,2025-06-08,70045.91
1,Laptop,2025-06-09,69910.23
1,Laptop,2025-06-10,70788.88
1,Laptop,2025-06-11,70296.38
1,Laptop,2025-06-12,70398.93
1,Laptop,2025-06-13,69965.44
1,Laptop,2025-06-14,70243.36
1,Laptop,2025-06-15,70453.37
1,Laptop,2025-06-16,70087.79
1,Laptop,2025-06-17,70558.37
1,Laptop,2025-06-18,70277.61
1,Laptop,2025-06-19,70381.99
1,Laptop,2025-06-20,70300.22
1,Laptop,2025-06-21,71047.19
1,Laptop,2025-06-22,70497.75
1,Laptop,2025-06-23,70194.29
1,Laptop,2025-06-24,70767.68
1,Laptop,2025-06-25,70163.47
1,Laptop,2025-06-26,70600.68
1,Laptop,2025-06-27,69957.9
1,Laptop,2025-06-28,70154.6
1,Laptop,2025-06-29,70618.84
1,Laptop,2025-06-30,70787.51
1,Laptop,2025-07-01,70623.03
1,Laptop,2025-07-02,70542.03
1,Laptop,2025-07-03,70490.95
1,Laptop,2025-07-04,70141.74
1,Laptop,2025-07-05,70372.79
1,Laptop,2025-07-06,70453.46
1,Laptop,2025-07-07,70911.13
1,Laptop,2025-07-08,70698.87
1,Laptop,2025-07-09,70068.11
1,Laptop,2025-07-10,70694.93
1,Laptop,2025-07-11,70482.31
1,Laptop,2025-07-12,70394.33
1,Laptop,2025-07-13,70779.94
1,Laptop,2025-07-14,70904.22
1,Laptop,2025-07-15,70872.25
1,Laptop,2025-07-16,70338.51
1,Laptop,2025-07-17,70494.39
1,Laptop,2025-07-18,70682.88
1,Laptop,2025-07-19,70871.99
1,Laptop,2025-07-20,70430.9
1,Laptop,2025-07-21,70513.76
1,Laptop,2025-07-22,70231.88
1,Laptop,2025-07-23,70198.74
1,Laptop,2025-07-24,70794.71
1,Laptop,2025-07-25,70950.7
1,Laptop,2025-07-26,70514.65
1,Laptop,2025-07-27,70829.28
1,Laptop,2025-07-28,70628.24
1,Laptop,2025-07-29,70317.32
1,Laptop,2025-07-30,70609.96
1,Laptop,2025-07-31,70953.24
1,Laptop,2025-08-01,70470.98
1,Laptop,2025-08-02,70940.65
1,Laptop,2025-08-03,69674.5
1,Laptop,2025-08-04,70695.81
1,Laptop,2025-08-05,70463.83
1,Laptop,2025-08-06,70336.18
1,Laptop,2025-08-07,70441.28
1,Laptop,2025-08-08,69805.06
1,Laptop,2025-08-09,70322.73
1,Laptop,2025-08-10,70482.82
1,Laptop,2025-08-11,70805.87
1,Laptop,2025-08-12,70193.62
1,Laptop,2025-08-13,70092.95
1,Laptop,2025-08-14,70171.17
1,Laptop,2025-08-15,70582.36
1,Laptop,2025-08-16,70392.25
1,Laptop,2025-08-17,70120.45
1,Laptop,2025-08-18,70419.0
1,Laptop,2025-08-19,70279.68
1,Laptop,2025-08-20,70526.62
1,Laptop,2025-08-21,70010.81
1,Laptop,2025-08-22,70108.49
1,Laptop,2025-08-23,70074.5
1,Laptop,2025-08-24,69738.41
1,Laptop,2025-08-25,70251.65
1,Laptop,2025-08-26,70226.51
1,Laptop,2025-08-27,70135.16
1,Laptop,2025-08-28,70048.75
1,Laptop,2025-08-29,69680.1
1,Laptop,2025-08-30,69964.22
1,Laptop,2025-08-31,69973.42
1,Laptop,2025-09-01,69821.51
1,Laptop,2025-09-02,69999.92
1,Laptop,2025-09-03,70155.82
1,Laptop,2025-09-04,70586.96
1,Laptop,2025-09-05,70060.18
1,Laptop,2025-09-06,70072.0
1,Laptop,2025-09-07,69959.59
1,Laptop,2025-09-08,69393.73
1,Laptop,2025-09-09,69949.13
1,Laptop,2025-09-10,69963.17
1,Laptop,2025-09-11,70672.39
1,Laptop,2025-09-12,69864.36
1,Laptop,2025-09-13,70001.52
1,Laptop,2025-09-14,69889.99
1,Laptop,2025-09-15,69539.51
1,Laptop,2025-09-16,70223.06
1,Laptop,2025-09-17,70096.28
1,Laptop,2025-09-18,70098.91
1,Laptop,2025-09-19,69580.1
1,Laptop,2025-09-20,70265.51
1,Laptop,2025-09-21,69416.31
1,Laptop,2025-09-22,70005.57
1,Laptop,2025-09-23,70479.76
1,Laptop,2025-09-24,69519.05
1,Laptop,2025-09-25,69640.4
1,Laptop,2025-09-26,69834.75
1,Laptop,2025-09-27,69648.87
1,Laptop,2025-09-28,69330.29
1,Laptop,2025-09-29,69812.15
1,Laptop,2025-09-30,69469.51
1,Laptop,2025-10-01,69927.42
1,Laptop,2025-10-02,69507.19
1,Laptop,2025-10-03,70246.22
1,Laptop,2025-10-04,69545.02
1,Laptop,2025-10-05,69682.68
1,Laptop,2025-10-06,70023.21
1,Laptop,2025-10-07,69410.3
1,Laptop,2025-10-08,69848.76
1,Laptop,2025-10-09,70174.18
1,Laptop,2025-10-10,69301.86
1,Laptop,2025-10-11,69842.13
1,Laptop,2025-10-12,69867.88
1,Laptop,2025-10-13,70028.2
1,Laptop,2025-10-14,69426.85
1,Laptop,2025-10-15,69406.64
1,Laptop,2025-10-16,69964.74
1,Laptop,2025-10-17,69903.17
1,Laptop,2025-10-18,69895.69
1,Laptop,2025-10-19,69931.47
1,Laptop,2025-10-20,69631.04
1,Laptop,2025-10-21,69912.77
1,Laptop,2025-10-22,69939.57
1,Laptop,2025-10-23,69646.41
1,Laptop,2025-10-24,70430.01
1,Laptop,2025-10-25,70022.48
1,Laptop,2025-10-26,69533.47
1,Laptop,2025-10-27,70098.83
1,Laptop,2025-10-28,69620.93
1,Laptop,2025-10-29,70161.38
1,Laptop,2025-10-30,70285.2
1,Laptop,2025-10-31,69704.2
1,Laptop,2025-11-01,70252.63
1,Laptop,2025-11-02,70101.06
1,Laptop,2025-11-03,70237.85
1,Laptop,2025-11-04,70574.66
1,Laptop,2025-11-05,69946.75
1,Laptop,2025-11-06,69809.34
1,Laptop,2025-11-07,69784.05
1,Laptop,2025-11-08,69821.91
1,Laptop,2025-11-09,70059.59
1,Laptop,2025-11-10,70201.42
1,Laptop,2025-11-11,70198.71
1,Laptop,2025-11-12,70380.74
1,Laptop,2025-11-13,70153.61
1,Laptop,2025-11-14,70603.12
1,Laptop,2025-11-15,70105.22
1,Laptop,2025-11-16,71018.42
1,Laptop,2025-11-17,70407.99
1,Laptop,2025-11-18,69981.22
1,Laptop,2025-11-19,69935.32
1,Laptop,2025-11-20,70419.66
1,Laptop,2025-11-21,70226.32
1,Laptop,2025-11-22,70526.07
1,Laptop,2025-11-23,70472.43
1,Laptop,2025-11-24,70327.24
1,Laptop,2025-11-25,70113.7
1,Laptop,2025-11-26,69931.95
1,Laptop,2025-11-27,70271.11
1,Laptop,2025-11-28,70680.61
1,Laptop,2025-11-29,70506.5
1,Laptop,2025-11-30,70087.07
1,Laptop,2025-12-01,70531.18
1,Laptop,2025-12-02,70613.16
1,Laptop,2025-12-03,70250.62
1,Laptop,2025-12-04,70579.97
1,Laptop,2025-12-05,70569.23
1,Laptop,2025-12-06,70226.63
1,Laptop,2025-12-07,70694.41
1,Laptop,2025-12-08,70772.66
1,Laptop,2025-12-09,70946.46
1,Laptop,2025-12-10,70954.57
1,Laptop,2025-12-11,70241.76
1,Laptop,2025-12-12,70390.06
1,Laptop,2025-12-13,70841.98
1,Laptop,2025-12-14,70857.36
1,Laptop,2025-12-15,70873.17
1,Laptop,2025-12-16,71889.57
1,Laptop,2025-12-17,70919.76
1,Laptop,2025-12-18,71103.54
1,Laptop,2025-12-19,71063.08
1,Laptop,2025-12-20,70985.9
1,Laptop,2025-12-21,70709.11
1,Laptop,2025-12-22,71044.17
1,Laptop,2025-12-23,70596.99
1,Laptop,2025-12-24,70769.71
1,Laptop,2025-12-25,70706.61
1,Laptop,2025-12-26,70887.78
1,Laptop,2025-12-27,71568.15
1,Laptop,2025-12-28,70323.62
1,Laptop,2025-12-29,71099.23
1,Laptop,2025-12-30,70418.6
1,Laptop,2025-12-31,70769.38
1,Laptop,2026-01-01,71245.69
1,Laptop,2026-01-02,70945.8
1,Laptop,2026-01-03,70610.18
1,Laptop,2026-01-04,70725.37
1,Laptop,2026-01-05,71149.76
1,Laptop,2026-01-06,70732.14
1,Laptop,2026-01-07,71021.02
1,Laptop,2026-01-08,70974.04
1,Laptop,2026-01-09,70768.62
1,Laptop,2026-01-10,71610.45
1,Laptop,2026-01-11,71160.07
1,Laptop,2026-01-12,70364.42
1,Laptop,2026-01-13,71029.41
1,Laptop,2026-01-14,70775.89
1,Laptop,2026-01-15,71230.56
1,Laptop,2026-01-16,70736.92
1,Laptop,2026-01-17,70939.56
1,Laptop,2026-01-18,71124.23
1,Laptop,2026-01-19,71230.67
1,Laptop,2026-01-20,70608.53
1,Laptop,2026-01-21,70865.41
1,Laptop,2026-01-22,70819.88
1,Laptop,2026-01-23,70762.45
1,Laptop,2026-01-24,71483.66
1,Laptop,2026-01-25,71070.58
1,Laptop,2026-01-26,70565.38
1,Laptop,2026-01-27,71213.07
1,Laptop,2026-01-28,71567.95
1,Laptop,2026-01-29,71234.15
1,Laptop,2026-01-30,70461.24
1,Laptop,2026-01-31,70763.97
1,Laptop,2026-02-01,71281.06
1,Laptop,2026-02-02,70680.0
1,Laptop,2026-02-03,71016.34
1,Laptop,2026-02-04,71106.07
1,Laptop,2026-02-05,70585.7
1,Laptop,2026-02-06,70835.63
1,Laptop,2026-02-07,69870.45
1,Laptop,2026-02-08,70524.5
1,Laptop,2026-02-09,70744.69
1,Laptop,2026-02-10,70434.45
1,Laptop,2026-02-11,71286.52
1,Laptop,2026-02-12,70355.47
1,Laptop,2026-02-13,70639.94
1,Laptop,2026-02-14,70798.35
1,Laptop,2026-02-15,71178.44
1,Laptop,2026-02-16,70302.0
1,Laptop,2026-02-17,71068.2
1,Laptop,2026-02-18,70708.62
1,Laptop,2026-02-19,70397.22
1,Laptop,2026-02-20,70816.26
1,Laptop,2026-02-21,70723.16
1,Laptop,2026-02-22,70469.07
1,Laptop,2026-02-23,70655.67
1,Laptop,2026-02-24,70504.63
1,Laptop,2026-02-25,70639.71
1,Laptop,2026-02-26,70789.68
1,Laptop,2026-02-27,71052.19
1,Laptop,2026-02-28,70190.38
1,Laptop,2026-03-01,71186.97
1,Laptop,2026-03-02,69946.8
1,Laptop,2026-03-03,70472.29
1,Laptop,2026-03-04,70679.79
1,Laptop,2026-03-05,70573.13
1,Laptop,2026-03-06,70287.67
1,Laptop,2026-03-07,70397.79
1,Laptop,2026-03-08,70298.22
1,Laptop,2026-03-09,70255.35
1,Laptop,2026-03-10,70673.25
1,Laptop,2026-03-11,70511.87
1,Laptop,2026-03-12,70183.49
1,Laptop,2026-03-13,70648.06
1,Laptop,2026-03-14,70457.42
1,Laptop,2026-03-15,70596.4
1,Laptop,2026-03-16,70529.01
1,Laptop,2026-03-17,70079.29
1,Laptop,2026-03-18,70148.1
1,Laptop,2026-03-19,70528.83
1,Laptop,2026-03-20,70476.58
1,Laptop,2026-03-21,70276.36
1,Laptop,2026-03-22,70307.36
1,Laptop,2026-03-23,70645.36
1,Laptop,2026-03-24,70074.88
1,Laptop,2026-03-25,70407.18
1,Laptop,2026-03-26,70173.5
1,Laptop,2026-03-27,70160.39
1,Laptop,2026-03-28,70547.3
1,Laptop,2026-03-29,70457.71
1,Laptop,2026-03-30,70447.02
1,Laptop,2026-03-31,70587.96
1,Laptop,2026-04-01,70196.45
1,Laptop,2026-04-02,70389.06
1,Laptop,2026-04-03,70086.21
1,Laptop,2026-04-04,70271.86
1,Laptop,2026-04-05,70131.4
1,Laptop,2026-04-06,70195.9
1,Laptop,2026-04-07,70342.23
1,Laptop,2026-04-08,69915.63
1,Laptop,2026-04-09,70786.76
1,Laptop,2026-04-10,69855.73
1,Laptop,2026-04-11,69792.31
1,Laptop,2026-04-12,70503.58
1,Laptop,2026-04-13,70393.78
1,Laptop,2026-04-14,70344.2
1,Laptop,2026-04-15,70346.71
1,Laptop,2026-04-16,70156.33
1,Laptop,2026-04-17,69893.18
1,Laptop,2026-04-18,70188.0
1,Laptop,2026-04-19,69965.58
1,Laptop,2026-04-20,70465.27
1,Laptop,2026-04-21,70133.18
1,Laptop,2026-04-22,69934.76
1,Laptop,2026-04-23,70091.65
1,Laptop,2026-04-24,70318.14
1,Laptop,2026-04-25,70031.87
1,Laptop,2026-04-26,69961.58
1,Laptop,2026-04-27,70289.14
1,Laptop,2026-04-28,70297.83
1,Laptop,2026-04-29,70081.07
1,Laptop,2026-04-30,70101.15
1,Laptop,2026-05-01,70321.89
1,Laptop,2026-05-02,69828.15
1,Laptop,2026-05-03,69851.11
1,Laptop,2026-05-04,70069.05
1,Laptop,2026-05-05,70232.25
1,Laptop,2026-05-06,70401.7
1,Laptop,2026-05-07,70763.62
1,Laptop,2026-05-08,70591.31
1,Laptop,2026-05-09,70299.44
1,Laptop,2026-05-10,70355.53
1,Laptop,2026-05-11,70074.68
1,Laptop,2026-05-12,70384.45
1,Laptop,2026-05-13,70318.33
1,Laptop,2026-05-14,70517.02
1,Laptop,2026-05-15,70187.63
1,Laptop,2026-05-16,70607.52
1,Laptop,2026-05-17,70927.75
1,Laptop,2026-05-18,70451.79
1,Laptop,2026-05-19,70621.69
1,Laptop,2026-05-20,70725.23
2,Headphones,2025-05-21,2879.63
2,Headphones,2025-05-22,3085.89
2,Headphones,2025-05-23,3041.09
2,Headphones,2025-05-24,3085.22
2,Headphones,2025-05-25,2842.57
2,Headphones,2025-05-26,3100.3
2,Headphones,2025-05-27,3260.73
2,Headphones,2025-05-28,3564.95
2,Headphones,2025-05-29,3435.54
2,Headphones,2025-05-30,3811.71
2,Headphones,2025-05-31,2953.39
2,Headphones,2025-06-01,3462.95
2,Headphones,2025-06-02,3273.71
2,Headphones,2025-06-03,3892.89
2,Headphones,2025-06-04,3010.47
2,Headphones,2025-06-05,3017.8
2,Headphones,2025-06-06,3106.39
2,Headphones,2025-06-07,2665.24
2,Headphones,2025-06-08,3160.59
2,Headphones,2025-06-09,3106.18
2,Headphones,2025-06-10,3394.3
2,Headphones,2025-06-11,3466.64
2,Headphones,2025-06-12,3941.53
2,Headphones,2025-06-13,3678.0
2,Headphones,2025-06-14,3233.61
2,Headphones,2025-06-15,3150.56
2,Headphones,2025-06-16,3580.66
2,Headphones,2025-06-17,3049.59
2,Headphones,2025-06-18,4007.24
2,Headphones,2025-06-19,3823.33
2,Headphones,2025-06-20,3339.98
2,Headphones,2025-06-21,2977.56
2,Headphones,2025-06-22,3907.96
2,Headphones,2025-06-23,3477.24
2,Headphones,2025-06-24,3892.26
2,Headphones,2025-06-25,3051.39
2,Headphones,2025-06-26,3358.21
2,Headphones,2025-06-27,3547.37
2,Headphones,2025-06-28,3567.15
2,Headphones,2025-06-29,3424.76
2,Headphones,2025-06-30,3752.82
2,Headphones,2025-07-01,3251.33
2,Headphones,2025-07-02,3534.01
2,Headphones,2025-07-03,3617.37
2,Headphones,2025-07-04,3739.62
2,Headphones,2025-07-05,3802.23
2,Headphones,2025-07-06,3254.26
2,Headphones,2025-07-07,3133.76
2,Headphones,2025-07-08,3979.09
2,Headphones,2025-07-09,3696.72
2,Headphones,2025-07-10,3373.16
2,Headphones,2025-07-11,4063.18
2,Headphones,2025-07-12,3632.11
2,Headphones,2025-07-13,3950.23
2,Headphones,2025-07-14,3615.18
2,Headphones,2025-07-15,4211.09
2,Headphones,2025-07-16,4116.88
2,Headphones,2025-07-17,3512.46
2,Headphones,2025-07-18,3874.97
2,Headphones,2025-07-19,3772.94
2,Headphones,2025-07-20,3985.24
2,Headphones,2025-07-21,3279.98
2,Headphones,2025-07-22,3769.59
2,Headphones,2025-07-23,3875.13
2,Headphones,2025-07-24,3023.33
2,Headphones,2025-07-25,3188.85
2,Headphones,2025-07-26,2924.48
2,Headphones,2025-07-27,3447.4
2,Headphones,2025-07-28,3735.01
2,Headphones,2025-07-29,3961.56
2,Headphones,2025-07-30,3523.77
2,Headphones,2025-07-31,3980.42
2,Headphones,2025-08-01,3067.7
2,Headphones,2025-08-02,2960.24
2,Headphones,2025-08-03,3443.76
2,Headphones,2025-08-04,3564.46
2,Headphones,2025-08-05,3427.91
2,Headphones,2025-08-06,2805.65
2,Headphones,2025-08-07,3387.01
2,Headphones,2025-08-08,3009.99
2,Headphones,2025-08-09,3589.54
2,Headphones,2025-08-10,3485.67
2,Headphones,2025-08-11,3080.54
2,Headphones,2025-08-12,3194.94
2,Headphones,2025-08-13,3017.73
2,Headphones,2025-08-14,3302.9
2,Headphones,2025-08-15,3594.28
2,Headphones,2025-08-16,2997.91
2,Headphones,2025-08-17,3430.59
2,Headphones,2025-08-18,3105.94
2,Headphones,2025-08-19,3012.7
2,Headphones,2025-08-20,3203.91
2,Headphones,2025-08-21,2910.86
2,Headphones,2025-08-22,3040.7
2,Headphones,2025-08-23,2832.77
2,Headphones,2025-08-24,3766.88
2,Headphones,2025-08-25,3173.39
2,Headphones,2025-08-26,2938.28
2,Headphones,2025-08-27,3197.82
2,Headphones,2025-08-28,3085.43
2,Headphones,2025-08-29,3038.43
2,Headphones,2025-08-30,3274.66
2,Headphones,2025-08-31,3303.48
2,Headphones,2025-09-01,2903.04
2,Headphones,2025-09-02,2875.57
2,Headphones,2025-09-03,2952.09
2,Headphones,2025-09-04,2330.52
2,Headphones,2025-09-05,2553.25
2,Headphones,2025-09-06,3404.8
2,Headphones,2025-09-07,3475.41
2,Headphones,2025-09-08,2894.65
2,Headphones,2025-09-09,3130.05
2,Headphones,2025-09-10,3038.47
2,Headphones,2025-09-11,3857.09
2,Headphones,2025-09-12,3257.94
2,Headphones,2025-09-13,2872.69
2,Headphones,2025-09-14,2613.74
2,Headphones,2025-09-15,2408.18
2,Headphones,2025-09-16,2941.25
2,Headphones,2025-09-17,2643.8
2,Headphones,2025-09-18,2434.92
2,Headphones,2025-09-19,2658.95
2,Headphones,2025-09-20,2520.2
2,Headphones,2025-09-21,3343.0
2,Headphones,2025-09-22,3094.0
2,Headphones,2025-09-23,2820.23
2,Headphones,2025-09-24,3260.2
2,Headphones,2025-09-25,2833.5
2,Headphones,2025-09-26,2546.46
2,Headphones,2025-09-27,3256.85
2,Headphones,2025-09-28,2957.17
2,Headphones,2025-09-29,2480.41
2,Headphones,2025-09-30,2731.1
2,Headphones,2025-10-01,2522.66
2,Headphones,2025-10-02,2368.18
2,Headphones,2025-10-03,3059.09
2,Headphones,2025-10-04,3352.82
2,Headphones,2025-10-05,2359.73
2,Headphones,2025-10-06,2948.05
2,Headphones,2025-10-07,2584.37
2,Headphones,2025-10-08,2634.38
2,Headphones,2025-10-09,2604.32
2,Headphones,2025-10-10,2524.91
2,Headphones,2025-10-11,2801.29
2,Headphones,2025-10-12,2540.63
2,Headphones,2025-10-13,2874.79
2,Headphones,2025-10-14,2782.87
2,Headphones,2025-10-15,2731.09
2,Headphones,2025-10-16,2535.89
2,Headphones,2025-10-17,2641.05
2,Headphones,2025-10-18,3047.16
2,Headphones,2025-10-19,2977.81
2,Headphones,2025-10-20,2541.78
2,Headphones,2025-10-21,2872.89
2,Headphones,2025-10-22,3077.06
2,Headphones,2025-10-23,2359.89
2,Headphones,2025-10-24,3033.28
2,Headphones,2025-10-25,2681.54
2,Headphones,2025-10-26,3062.04
2,Headphones,2025-10-27,2672.89
2,Headphones,2025-10-28,2371.87
2,Headphones,2025-10-29,2436.99
2,Headphones,2025-10-30,2952.04
2,Headphones,2025-10-31,3028.33
2,Headphones,2025-11-01,2692.32
2,Headphones,2025-11-02,3168.81
2,Headphones,2025-11-03,2492.78
2,Headphones,2025-11-04,2985.79
2,Headphones,2025-11-05,2657.06
2,Headphones,2025-11-06,2839.91
2,Headphones,2025-11-07,3065.12
2,Headphones,2025-11-08,2808.53
2,Headphones,2025-11-09,2967.35
2,Headphones,2025-11-10,3400.96
2,Headphones,2025-11-11,2942.63
2,Headphones,2025-11-12,3383.29
2,Headphones,2025-11-13,2810.8
2,Headphones,2025-11-14,3326.0
2,Headphones,2025-11-15,3617.09
2,Headphones,2025-11-16,2460.88
2,Headphones,2025-11-17,2981.22
2,Headphones,2025-11-18,3411.49
2,Headphones,2025-11-19,3195.67
2,Headphones,2025-11-20,3386.26
2,Headphones,2025-11-21,3112.16
2,Headphones,2025-11-22,3337.85
2,Headphones,2025-11-23,3283.75
2,Headphones,2025-11-24,3699.42
2,Headphones,2025-11-25,3444.07
2,Headphones,2025-11-26,3487.69
2,Headphones,2025-11-27,3281.5
2,Headphones,2025-11-28,3277.41
2,Headphones,2025-11-29,3312.51
2,Headphones,2025-11-30,3579.13
2,Headphones,2025-12-01,3352.93
2,Headphones,2025-12-02,3584.49
2,Headphones,2025-12-03,4138.39
2,Headphones,2025-12-04,3795.19
2,Headphones,2025-12-05,3453.96
2,Headphones,2025-12-06,3929.88
2,Headphones,2025-12-07,3464.65
2,Headphones,2025-12-08,2992.99
2,Headphones,2025-12-09,3319.12
2,Headphones,2025-12-10,3077.19
2,Headphones,2025-12-11,3549.6
2,Headphones,2025-12-12,3676.93
2,Headphones,2025-12-13,4190.4
2,Headphones,2025-12-14,3801.3
2,Headphones,2025-12-15,3652.92
2,Headphones,2025-12-16,3982.57
2,Headphones,2025-12-17,3085.15
2,Headphones,2025-12-18,3833.56
2,Headphones,2025-12-19,4008.13
2,Headphones,2025-12-20,3346.91
2,Headphones,2025-12-21,4146.82
2,Headphones,2025-12-22,3918.03
2,Headphones,2025-12-23,3704.25
2,Headphones,2025-12-24,4030.59
2,Headphones,2025-12-25,4533.42
2,Headphones,2025-12-26,3917.78
2,Headphones,2025-12-27,3948.21
2,Headphones,2025-12-28,3745.99
2,Headphones,2025-12-29,3638.4
2,Headphones,2025-12-30,4151.51
2,Headphones,2025-12-31,3654.14
2,Headphones,2026-01-01,3940.47
2,Headphones,2026-01-02,3783.22
2,Headphones,2026-01-03,4077.2
2,Headphones,2026-01-04,4040.06
2,Headphones,2026-01-05,4257.14
2,Headphones,2026-01-06,3798.25
2,Headphones,2026-01-07,3875.12
2,Headphones,2026-01-08,3666.74
2,Headphones,2026-01-09,3830.81
2,Headphones,2026-01-10,4080.46
2,Headphones,2026-01-11,4196.99
2,Headphones,2026-01-12,3695.31
2,Headphones,2026-01-13,4234.35
2,Headphones,2026-01-14,4381.12
2,Headphones,2026-01-15,4098.86
2,Headphones,2026-01-16,4537.72
2,Headphones,2026-01-17,3741.84
2,Headphones,2026-01-18,3599.34
2,Headphones,2026-01-19,3437.33
2,Headphones,2026-01-20,4417.43
2,Headphones,2026-01-21,4162.07
2,Headphones,2026-01-22,3945.69
2,Headphones,2026-01-23,4042.44
2,Headphones,2026-01-24,3616.38
2,Headphones,2026-01-25,4682.81
2,Headphones,2026-01-26,3982.41
2,Headphones,2026-01-27,3970.53
2,Headphones,2026-01-28,4149.03
2,Headphones,2026-01-29,4068.71
2,Headphones,2026-01-30,3984.22
2,Headphones,2026-01-31,3672.1
2,Headphones,2026-02-01,4042.43
2,Headphones,2026-02-02,4456.91
2,Headphones,2026-02-03,4286.82
2,Headphones,2026-02-04,4351.64
2,Headphones,2026-02-05,3710.41
2,Headphones,2026-02-06,3556.6
2,Headphones,2026-02-07,3805.09
2,Headphones,2026-02-08,3848.53
2,Headphones,2026-02-09,4148.72
2,Headphones,2026-02-10,3301.04
2,Headphones,2026-02-11,4255.66
2,Headphones,2026-02-12,3737.11
2,Headphones,2026-02-13,3643.89
2,Headphones,2026-02-14,3455.5
2,Headphones,2026-02-15,3249.6
2,Headphones,2026-02-16,3979.71
2,Headphones,2026-02-17,3741.25
2,Headphones,2026-02-18,3318.56
2,Headphones,2026-02-19,3303.14
2,Headphones,2026-02-20,3576.89
2,Headphones,2026-02-21,4164.15
2,Headphones,2026-02-22,3571.26
2,Headphones,2026-02-23,3183.78
2,Headphones,2026-02-24,3546.5
2,Headphones,2026-02-25,3523.84
2,Headphones,2026-02-26,2781.97
2,Headphones,2026-02-27,3560.1
2,Headphones,2026-02-28,3492.44
2,Headphones,2026-03-01,3755.92
2,Headphones,2026-03-02,4087.11
2,Headphones,2026-03-03,3855.8
2,Headphones,2026-03-04,3422.63
2,Headphones,2026-03-05,3156.88
2,Headphones,2026-03-06,4246.48
2,Headphones,2026-03-07,3478.0
2,Headphones,2026-03-08,3450.3
2,Headphones,2026-03-09,3424.92
2,Headphones,2026-03-10,3477.79
2,Headphones,2026-03-11,3361.45
2,Headphones,2026-03-12,3219.26
2,Headphones,2026-03-13,3214.12
2,Headphones,2026-03-14,3355.41
2,Headphones,2026-03-15,3189.51
2,Headphones,2026-03-16,3126.27
2,Headphones,2026-03-17,3359.92
2,Headphones,2026-03-18,3239.67
2,Headphones,2026-03-19,3755.84
2,Headphones,2026-03-20,2498.17
2,Headphones,2026-03-21,3610.08
2,Headphones,2026-03-22,3645.98
2,Headphones,2026-03-23,2640.05
2,Headphones,2026-03-24,3149.55
2,Headphones,2026-03-25,3131.62
2,Headphones,2026-03-26,2811.9
2,Headphones,2026-03-27,2992.35
2,Headphones,2026-03-28,2884.49
2,Headphones,2026-03-29,3735.77
2,Headphones,2026-03-30,3483.67
2,Headphones,2026-03-31,3577.79
2,Headphones,2026-04-01,3406.65
2,Headphones,2026-04-02,2845.76
2,Headphones,2026-04-03,3021.93
2,Headphones,2026-04-04,3321.42
2,Headphones,2026-04-05,2803.81
2,Headphones,2026-04-06,3380.7
2,Headphones,2026-04-07,3091.58
2,Headphones,2026-04-08,3048.65
2,Headphones,2026-04-09,3372.33
2,Headphones,2026-04-10,3290.81
2,Headphones,2026-04-11,3048.28
2,Headphones,2026-04-12,3503.95
2,Headphones,2026-04-13,2831.96
2,Headphones,2026-04-14,3341.75
2,Headphones,2026-04-15,3336.14
2,Headphones,2026-04-16,3067.14
2,Headphones,2026-04-17,3260.2
2,Headphones,2026-04-18,2789.93
2,Headphones,2026-04-19,3445.93
2,Headphones,2026-04-20,3117.27
2,Headphones,2026-04-21,3020.48
2,Headphones,2026-04-22,3497.11
2,Headphones,2026-04-23,2976.76
2,Headphones,2026-04-24,2771.72
2,Headphones,2026-04-25,2734.0
2,Headphones,2026-04-26,3390.05
2,Headphones,2026-04-27,2831.91
2,Headphones,2026-04-28,3750.77
2,Headphones,2026-04-29,2608.57
2,Headphones,2026-04-30,3751.4
2,Headphones,2026-05-01,3315.58
2,Headphones,2026-05-02,3233.56
2,Headphones,2026-05-03,3109.87
2,Headphones,2026-05-04,3404.33
2,Headphones,2026-05-05,3284.99
2,Headphones,2026-05-06,3639.42
2,Headphones,2026-05-07,3355.28
2,Headphones,2026-05-08,3379.1
2,Headphones,2026-05-09,3238.34
2,Headphones,2026-05-10,3344.15
2,Headphones,2026-05-11,3467.78
2,Headphones,2026-05-12,2876.95
2,Headphones,2026-05-13,3000.48
2,Headphones,2026-05-14,3643.18
2,Headphones,2026-05-15,3487.06
2,Headphones,2026-05-16,3396.52
2,Headphones,2026-05-17,3473.45
2,Headphones,2026-05-18,3588.69
2,Headphones,2026-05-19,3339.25
2,Headphones,2026-05-20,3284.69
3,Smartwatch,2025-05-21,15058.75
3,Smartwatch,2025-05-22,14725.15
3,Smartwatch,2025-05-23,15159.78
3,Smartwatch,2025-05-24,14545.14
3,Smartwatch,2025-05-25,15383.22
3,Smartwatch,2025-05-26,15234.73
3,Smartwatch,2025-05-27,15188.14
3,Smartwatch,2025-05-28,15424.42
3,Smartwatch,2025-05-29,15647.4
3,Smartwatch,2025-05-30,15470.07
3,Smartwatch,2025-05-31,14631.34
3,Smartwatch,2025-06-01,14817.38
3,Smartwatch,2025-06-02,15031.26
3,Smartwatch,2025-06-03,15243.78
3,Smartwatch,2025-06-04,15408.25
3,Smartwatch,2025-06-05,15051.99
3,Smartwatch,2025-06-06,15342.23
3,Smartwatch,2025-06-07,15075.8
3,Smartwatch,2025-06-08,15134.87
3,Smartwatch,2025-06-09,14911.92
3,Smartwatch,2025-06-10,15072.21
3,Smartwatch,2025-06-11,14958.6
3,Smartwatch,2025-06-12,15085.91
3,Smartwatch,2025-06-13,15708.96
3,Smartwatch,2025-06-14,15121.86
3,Smartwatch,2025-06-15,16209.8
3,Smartwatch,2025-06-16,15581.08
3,Smartwatch,2025-06-17,15501.11
3,Smartwatch,2025-06-18,15200.3
3,Smartwatch,2025-06-19,15679.59
3,Smartwatch,2025-06-20,15308.04
3,Smartwatch,2025-06-21,15528.11
3,Smartwatch,2025-06-22,16269.82
3,Smartwatch,2025-06-23,15482.79
3,Smartwatch,2025-06-24,15865.7
3,Smartwatch,2025-06-25,15318.77
3,Smartwatch,2025-06-26,15527.52
3,Smartwatch,2025-06-27,16077.04
3,Smartwatch,2025-06-28,15364.96
3,Smartwatch,2025-06-29,16103.51
3,Smartwatch,2025-06-30,15778.29
3,Smartwatch,2025-07-01,15402.88
3,Smartwatch,2025-07-02,15766.45
3,Smartwatch,2025-07-03,15873.05
3,Smartwatch,2025-07-04,15771.83
3,Smartwatch,2025-07-05,15117.68
3,Smartwatch,2025-07-06,15373.51
3,Smartwatch,2025-07-07,15519.74
3,Smartwatch,2025-07-08,15573.46
3,Smartwatch,2025-07-09,15783.22
3,Smartwatch,2025-07-10,15651.01
3,Smartwatch,2025-07-11,15197.23
3,Smartwatch,2025-07-12,15711.47
3,Smartwatch,2025-07-13,15779.62
3,Smartwatch,2025-07-14,15762.86
3,Smartwatch,2025-07-15,15917.1
3,Smartwatch,2025-07-16,15840.45
3,Smartwatch,2025-07-17,15724.9
3,Smartwatch,2025-07-18,15562.45
3,Smartwatch,2025-07-19,15081.04
3,Smartwatch,2025-07-20,15703.53
3,Smartwatch,2025-07-21,15631.77
3,Smartwatch,2025-07-22,15645.25
3,Smartwatch,2025-07-23,15174.58
3,Smartwatch,2025-07-24,15226.64
3,Smartwatch,2025-07-25,15859.78
3,Smartwatch,2025-07-26,15524.38
3,Smartwatch,2025-07-27,15732.67
3,Smartwatch,2025-07-28,15528.24
3,Smartwatch,2025-07-29,15519.78
3,Smartwatch,2025-07-30,15783.03
3,Smartwatch,2025-07-31,15337.02
3,Smartwatch,2025-08-01,15510.57
3,Smartwatch,2025-08-02,15332.57
3,Smartwatch,2025-08-03,15330.07
3,Smartwatch,2025-08-04,15356.48
3,Smartwatch,2025-08-05,15504.36
3,Smartwatch,2025-08-06,15282.26
3,Smartwatch,2025-08-07,15790.48
3,Smartwatch,2025-08-08,15132.95
3,Smartwatch,2025-08-09,15332.57
3,Smartwatch,2025-08-10,15243.77
3,Smartwatch,2025-08-11,15796.6
3,Smartwatch,2025-08-12,15408.07
3,Smartwatch,2025-08-13,15645.05
3,Smartwatch,2025-08-14,14876.03
3,Smartwatch,2025-08-15,15387.85
3,Smartwatch,2025-08-16,15560.51
3,Smartwatch,2025-08-17,15304.06
3,Smartwatch,2025-08-18,15584.66
3,Smartwatch,2025-08-19,15095.37
3,Smartwatch,2025-08-20,15658.83
3,Smartwatch,2025-08-21,15911.1
3,Smartwatch,2025-08-22,15097.94
3,Smartwatch,2025-08-23,15058.48
3,Smartwatch,2025-08-24,15613.48
3,Smartwatch,2025-08-25,15636.68
3,Smartwatch,2025-08-26,14991.34
3,Smartwatch,2025-08-27,15007.57
3,Smartwatch,2025-08-28,15034.59
3,Smartwatch,2025-08-29,14701.38
3,Smartwatch,2025-08-30,14814.82
3,Smartwatch,2025-08-31,14774.99
3,Smartwatch,2025-09-01,14831.85
3,Smartwatch,2025-09-02,15037.91
3,Smartwatch,2025-09-03,15104.87
3,Smartwatch,2025-09-04,15486.25
3,Smartwatch,2025-09-05,14708.3
3,Smartwatch,2025-09-06,15290.04
3,Smartwatch,2025-09-07,14917.72
3,Smartwatch,2025-09-08,14954.52
3,Smartwatch,2025-09-09,15159.53
3,Smartwatch,2025-09-10,14608.28
3,Smartwatch,2025-09-11,15048.14
3,Smartwatch,2025-09-12,14972.01
3,Smartwatch,2025-09-13,15058.8
3,Smartwatch,2025-09-14,14987.16
3,Smartwatch,2025-09-15,15626.71
3,Smartwatch,2025-09-16,14688.89
3,Smartwatch,2025-09-17,14711.4
3,Smartwatch,2025-09-18,14674.66
3,Smartwatch,2025-09-19,14686.27
3,Smartwatch,2025-09-20,14653.45
3,Smartwatch,2025-09-21,15193.57
3,Smartwatch,2025-09-22,15255.66
3,Smartwatch,2025-09-23,14651.4
3,Smartwatch,2025-09-24,14566.51
3,Smartwatch,2025-09-25,14951.71
3,Smartwatch,2025-09-26,14639.18
3,Smartwatch,2025-09-27,14989.8
3,Smartwatch,2025-09-28,14856.37
3,Smartwatch,2025-09-29,14336.86
3,Smartwatch,2025-09-30,15252.45
3,Smartwatch,2025-10-01,15324.11
3,Smartwatch,2025-10-02,14599.18
3,Smartwatch,2025-10-03,14664.92
3,Smartwatch,2025-10-04,14865.75
3,Smartwatch,2025-10-05,14879.64
3,Smartwatch,2025-10-06,14976.72
3,Smartwatch,2025-10-07,15382.62
3,Smartwatch,2025-10-08,14727.44
3,Smartwatch,2025-10-09,14542.55
3,Smartwatch,2025-10-10,14370.31
3,Smartwatch,2025-10-11,14567.46
3,Smartwatch,2025-10-12,14779.98
3,Smartwatch,2025-10-13,15332.02
3,Smartwatch,2025-10-14,14642.66
3,Smartwatch,2025-10-15,14869.91
3,Smartwatch,2025-10-16,14803.23
3,Smartwatch,2025-10-17,15170.6
3,Smartwatch,2025-10-18,15578.62
3,Smartwatch,2025-10-19,14668.27
3,Smartwatch,2025-10-20,14688.22
3,Smartwatch,2025-10-21,15156.34
3,Smartwatch,2025-10-22,15056.22
3,Smartwatch,2025-10-23,15414.72
3,Smartwatch,2025-10-24,15045.45
3,Smartwatch,2025-10-25,14772.54
3,Smartwatch,2025-10-26,15068.06
3,Smartwatch,2025-10-27,15234.48
3,Smartwatch,2025-10-28,15159.48
3,Smartwatch,2025-10-29,15077.44
3,Smartwatch,2025-10-30,15257.62
3,Smartwatch,2025-10-31,15301.2
3,Smartwatch,2025-11-01,15378.26
3,Smartwatch,2025-11-02,15171.84
3,Smartwatch,2025-11-03,14941.1
3,Smartwatch,2025-11-04,15049.63
3,Smartwatch,2025-11-05,15382.32
3,Smartwatch,2025-11-06,14790.39
3,Smartwatch,2025-11-07,15161.5
3,Smartwatch,2025-11-08,14948.66
3,Smartwatch,2025-11-09,15091.34
3,Smartwatch,2025-11-10,15482.61
3,Smartwatch,2025-11-11,15173.03
3,Smartwatch,2025-11-12,15146.51
3,Smartwatch,2025-11-13,14741.75
3,Smartwatch,2025-11-14,15390.94
3,Smartwatch,2025-11-15,15378.27
3,Smartwatch,2025-11-16,15851.35
3,Smartwatch,2025-11-17,15127.96
3,Smartwatch,2025-11-18,15304.11
3,Smartwatch,2025-11-19,15331.4
3,Smartwatch,2025-11-20,15748.15
3,Smartwatch,2025-11-21,15264.77
3,Smartwatch,2025-11-22,15395.58
3,Smartwatch,2025-11-23,15512.82
3,Smartwatch,2025-11-24,15405.07
3,Smartwatch,2025-11-25,15233.81
3,Smartwatch,2025-11-26,15444.63
3,Smartwatch,2025-11-27,15727.15
3,Smartwatch,2025-11-28,15115.74
3,Smartwatch,2025-11-29,15482.17
3,Smartwatch,2025-11-30,15250.76
3,Smartwatch,2025-12-01,15837.74
3,Smartwatch,2025-12-02,15040.6
3,Smartwatch,2025-12-03,15348.1
3,Smartwatch,2025-12-04,15647.01
3,Smartwatch,2025-12-05,16021.43
3,Smartwatch,2025-12-06,15549.79
3,Smartwatch,2025-12-07,15420.52
3,Smartwatch,2025-12-08,16168.77
3,Smartwatch,2025-12-09,15187.15
3,Smartwatch,2025-12-10,14978.79
3,Smartwatch,2025-12-11,15787.06
3,Smartwatch,2025-12-12,15520.79
3,Smartwatch,2025-12-13,15381.1
3,Smartwatch,2025-12-14,15915.73
3,Smartwatch,2025-12-15,15791.79
3,Smartwatch,2025-12-16,15564.52
3,Smartwatch,2025-12-17,15364.4
3,Smartwatch,2025-12-18,16024.61
3,Smartwatch,2025-12-19,15971.94
3,Smartwatch,2025-12-20,15760.73
3,Smartwatch,2025-12-21,16357.68
3,Smartwatch,2025-12-22,15495.45
3,Smartwatch,2025-12-23,15371.18
3,Smartwatch,2025-12-24,15633.18
3,Smartwatch,2025-12-25,15838.54
3,Smartwatch,2025-12-26,15936.22
3,Smartwatch,2025-12-27,15801.38
3,Smartwatch,2025-12-28,15989.41
3,Smartwatch,2025-12-29,15517.89
3,Smartwatch,2025-12-30,16335.54
3,Smartwatch,2025-12-31,15886.32
3,Smartwatch,2026-01-01,16254.19
3,Smartwatch,2026-01-02,16029.33
3,Smartwatch,2026-01-03,16070.53
3,Smartwatch,2026-01-04,16110.89
3,Smartwatch,2026-01-05,16080.19
3,Smartwatch,2026-01-06,16144.07
3,Smartwatch,2026-01-07,16354.83
3,Smartwatch,2026-01-08,16019.32
3,Smartwatch,2026-01-09,16176.8
3,Smartwatch,2026-01-10,15940.35
3,Smartwatch,2026-01-11,16401.93
3,Smartwatch,2026-01-12,15769.04
3,Smartwatch,2026-01-13,16513.75
3,Smartwatch,2026-01-14,15962.38
3,Smartwatch,2026-01-15,15545.6
3,Smartwatch,2026-01-16,16013.11
3,Smartwatch,2026-01-17,15769.66
3,Smartwatch,2026-01-18,16224.93
3,Smartwatch,2026-01-19,15775.16
3,Smartwatch,2026-01-20,15834.76
3,Smartwatch,2026-01-21,15398.89
3,Smartwatch,2026-01-22,15826.67
3,Smartwatch,2026-01-23,15231.29
3,Smartwatch,2026-01-24,15478.85
3,Smartwatch,2026-01-25,16177.21
3,Smartwatch,2026-01-26,16179.39
3,Smartwatch,2026-01-27,16065.35
3,Smartwatch,2026-01-28,15641.21
3,Smartwatch,2026-01-29,15910.1
3,Smartwatch,2026-01-30,15915.97
3,Smartwatch,2026-01-31,15561.73
3,Smartwatch,2026-02-01,16352.01
3,Smartwatch,2026-02-02,16155.51
3,Smartwatch,2026-02-03,15816.91
3,Smartwatch,2026-02-04,15881.75
3,Smartwatch,2026-02-05,15926.29
3,Smartwatch,2026-02-06,15240.96
3,Smartwatch,2026-02-07,15768.67
3,Smartwatch,2026-02-08,15627.22
3,Smartwatch,2026-02-09,15519.97
3,Smartwatch,2026-02-10,15724.45
3,Smartwatch,2026-02-11,16336.1
3,Smartwatch,2026-02-12,15976.76
3,Smartwatch,2026-02-13,15600.6
3,Smartwatch,2026-02-14,15930.9
3,Smartwatch,2026-02-15,16165.87
3,Smartwatch,2026-02-16,16010.15
3,Smartwatch,2026-02-17,15737.14
3,Smartwatch,2026-02-18,15511.47
3,Smartwatch,2026-02-19,15901.14
3,Smartwatch,2026-02-20,15795.67
3,Smartwatch,2026-02-21,15932.0
3,Smartwatch,2026-02-22,15839.69
3,Smartwatch,2026-02-23,15949.59
3,Smartwatch,2026-02-24,15459.66
3,Smartwatch,2026-02-25,16000.88
3,Smartwatch,2026-02-26,15650.32
3,Smartwatch,2026-02-27,16198.97
3,Smartwatch,2026-02-28,15354.97
3,Smartwatch,2026-03-01,16067.85
3,Smartwatch,2026-03-02,15591.8
3,Smartwatch,2026-03-03,15322.4
3,Smartwatch,2026-03-04,15358.13
3,Smartwatch,2026-03-05,15392.73
3,Smartwatch,2026-03-06,15601.73
3,Smartwatch,2026-03-07,15617.08
3,Smartwatch,2026-03-08,15274.01
3,Smartwatch,2026-03-09,15424.85
3,Smartwatch,2026-03-10,16061.05
3,Smartwatch,2026-03-11,15923.02
3,Smartwatch,2026-03-12,15522.26
3,Smartwatch,2026-03-13,15389.58
3,Smartwatch,2026-03-14,15401.24
3,Smartwatch,2026-03-15,15536.6
3,Smartwatch,2026-03-16,15033.28
3,Smartwatch,2026-03-17,15250.78
3,Smartwatch,2026-03-18,14815.58
3,Smartwatch,2026-03-19,15424.41
3,Smartwatch,2026-03-20,15487.62
3,Smartwatch,2026-03-21,15137.68
3,Smartwatch,2026-03-22,15744.36
3,Smartwatch,2026-03-23,14894.33
3,Smartwatch,2026-03-24,14813.04
3,Smartwatch,2026-03-25,15310.38
3,Smartwatch,2026-03-26,15548.29
3,Smartwatch,2026-03-27,15730.87
3,Smartwatch,2026-03-28,15080.0
3,Smartwatch,2026-03-29,15533.69
3,Smartwatch,2026-03-30,15191.42
3,Smartwatch,2026-03-31,15144.53
3,Smartwatch,2026-04-01,15455.25
3,Smartwatch,2026-04-02,15380.17
3,Smartwatch,2026-04-03,14706.37
3,Smartwatch,2026-04-04,15617.57
3,Smartwatch,2026-04-05,15584.47
3,Smartwatch,2026-04-06,14979.13
3,Smartwatch,2026-04-07,15282.42
3,Smartwatch,2026-04-08,15309.3
3,Smartwatch,2026-04-09,15237.24
3,Smartwatch,2026-04-10,14992.44
3,Smartwatch,2026-04-11,14955.08
3,Smartwatch,2026-04-12,15148.48
3,Smartwatch,2026-04-13,15508.1
3,Smartwatch,2026-04-14,15320.05
3,Smartwatch,2026-04-15,15047.02
3,Smartwatch,2026-04-16,15391.51
3,Smartwatch,2026-04-17,14307.79
3,Smartwatch,2026-04-18,15509.89
3,Smartwatch,2026-04-19,14646.81
3,Smartwatch,2026-04-20,15064.0
3,Smartwatch,2026-04-21,14841.4
3,Smartwatch,2026-04-22,14794.01
3,Smartwatch,2026-04-23,15536.31
3,Smartwatch,2026-04-24,15053.95
3,Smartwatch,2026-04-25,15304.94
3,Smartwatch,2026-04-26,15194.17
3,Smartwatch,2026-04-27,15359.15
3,Smartwatch,2026-04-28,15247.38
3,Smartwatch,2026-04-29,14848.25
3,Smartwatch,2026-04-30,15541.34
3,Smartwatch,2026-05-01,15104.15
3,Smartwatch,2026-05-02,14795.6
3,Smartwatch,2026-05-03,15144.91
3,Smartwatch,2026-05-04,15734.81
3,Smartwatch,2026-05-05,15551.35
3,Smartwatch,2026-05-06,15203.83
3,Smartwatch,2026-05-07,15216.23
3,Smartwatch,2026-05-08,15237.52
3,Smartwatch,2026-05-09,15970.45
3,Smartwatch,2026-05-10,15475.82
3,Smartwatch,2026-05-11,15504.45
3,Smartwatch,2026-05-12,15699.09
3,Smartwatch,2026-05-13,15476.57
3,Smartwatch,2026-05-14,15342.49
3,Smartwatch,2026-05-15,15376.9
3,Smartwatch,2026-05-16,15430.23
3,Smartwatch,2026-05-17,15456.76
3,Smartwatch,2026-05-18,15702.71
3,Smartwatch,2026-05-19,15516.76
3,Smartwatch,2026-05-20,15737.98
4,Keyboard,2025-05-21,2475.79
4,Keyboard,2025-05-22,2542.25
4,Keyboard,2025-05-23,1937.85
4,Keyboard,2025-05-24,2830.82
4,Keyboard,2025-05-25,2678.42
4,Keyboard,2025-05-26,2892.35
4,Keyboard,2025-05-27,1742.46
4,Keyboard,2025-05-28,3256.12
4,Keyboard,2025-05-29,2605.88
4,Keyboard,2025-05-30,2998.21
4,Keyboard,2025-05-31,2371.63
4,Keyboard,2025-06-01,2885.09
4,Keyboard,2025-06-02,2402.68
4,Keyboard,2025-06-03,2548.82
4,Keyboard,2025-06-04,3327.17
4,Keyboard,2025-06-05,2712.51
4,Keyboard,2025-06-06,2851.43
4,Keyboard,2025-06-07,3063.43
4,Keyboard,2025-06-08,2967.03
4,Keyboard,2025-06-09,2879.04
4,Keyboard,2025-06-10,2958.67
4,Keyboard,2025-06-11,3585.13
4,Keyboard,2025-06-12,2861.39
4,Keyboard,2025-06-13,2953.2
4,Keyboard,2025-06-14,3221.87
4,Keyboard,2025-06-15,3251.75
4,Keyboard,2025-06-16,3289.2
4,Keyboard,2025-06-17,3137.28
4,Keyboard,2025-06-18,2614.9
4,Keyboard,2025-06-19,3459.53
4,Keyboard,2025-06-20,2636.83
4,Keyboard,2025-06-21,3082.3
4,Keyboard,2025-06-22,2775.51
4,Keyboard,2025-06-23,2992.36
4,Keyboard,2025-06-24,3119.54
4,Keyboard,2025-06-25,3126.13
4,Keyboard,2025-06-26,3164.6
4,Keyboard,2025-06-27,3529.91
4,Keyboard,2025-06-28,3189.11
4,Keyboard,2025-06-29,2986.53
4,Keyboard,2025-06-30,3355.2
4,Keyboard,2025-07-01,3428.46
4,Keyboard,2025-07-02,2708.44
4,Keyboard,2025-07-03,3260.5
4,Keyboard,2025-07-04,3295.64
4,Keyboard,2025-07-05,2999.48
4,Keyboard,2025-07-06,3504.36
4,Keyboard,2025-07-07,3048.98
4,Keyboard,2025-07-08,3133.46
4,Keyboard,2025-07-09,3045.1
4,Keyboard,2025-07-10,3102.38
4,Keyboard,2025-07-11,2768.95
4,Keyboard,2025-07-12,2665.39
4,Keyboard,2025-07-13,3574.79
4,Keyboard,2025-07-14,2840.84
4,Keyboard,2025-07-15,2795.45
4,Keyboard,2025-07-16,2444.26
4,Keyboard,2025-07-17,2895.46
4,Keyboard,2025-07-18,2686.57
4,Keyboard,2025-07-19,3571.94
4,Keyboard,2025-07-20,3377.59
4,Keyboard,2025-07-21,2863.02
4,Keyboard,2025-07-22,3739.51
4,Keyboard,2025-07-23,3352.13
4,Keyboard,2025-07-24,2953.5
4,Keyboard,2025-07-25,2294.01
4,Keyboard,2025-07-26,3723.53
4,Keyboard,2025-07-27,2611.35
4,Keyboard,2025-07-28,2526.13
4,Keyboard,2025-07-29,3317.62
4,Keyboard,2025-07-30,3733.47
4,Keyboard,2025-07-31,3407.11
4,Keyboard,2025-08-01,3150.9
4,Keyboard,2025-08-02,3149.68
4,Keyboard,2025-08-03,3216.44
4,Keyboard,2025-08-04,3176.91
4,Keyboard,2025-08-05,3022.08
4,Keyboard,2025-08-06,2957.15
4,Keyboard,2025-08-07,2894.97
4,Keyboard,2025-08-08,2675.14
4,Keyboard,2025-08-09,2804.43
4,Keyboard,2025-08-10,2367.8
4,Keyboard,2025-08-11,2833.0
4,Keyboard,2025-08-12,2552.52
4,Keyboard,2025-08-13,2504.42
4,Keyboard,2025-08-14,2875.67
4,Keyboard,2025-08-15,3225.34
4,Keyboard,2025-08-16,3069.12
4,Keyboard,2025-08-17,2308.23
4,Keyboard,2025-08-18,2468.13
4,Keyboard,2025-08-19,3032.79
4,Keyboard,2025-08-20,2441.28
4,Keyboard,2025-08-21,2654.04
4,Keyboard,2025-08-22,2871.81
4,Keyboard,2025-08-23,2401.63
4,Keyboard,2025-08-24,2709.08
4,Keyboard,2025-08-25,2262.61
4,Keyboard,2025-08-26,2467.78
4,Keyboard,2025-08-27,2729.56
4,Keyboard,2025-08-28,2141.23
4,Keyboard,2025-08-29,2736.86
4,Keyboard,2025-08-30,2584.52
4,Keyboard,2025-08-31,2741.98
4,Keyboard,2025-09-01,2629.36
4,Keyboard,2025-09-02,2957.55
4,Keyboard,2025-09-03,2572.18
4,Keyboard,2025-09-04,2392.28
4,Keyboard,2025-09-05,2544.5
4,Keyboard,2025-09-06,2657.73
4,Keyboard,2025-09-07,2496.58
4,Keyboard,2025-09-08,2481.54
4,Keyboard,2025-09-09,2246.48
4,Keyboard,2025-09-10,2246.23
4,Keyboard,2025-09-11,2012.64
4,Keyboard,2025-09-12,2946.94
4,Keyboard,2025-09-13,2037.9
4,Keyboard,2025-09-14,2192.53
4,Keyboard,2025-09-15,2174.59
4,Keyboard,2025-09-16,2648.69
4,Keyboard,2025-09-17,2282.22
4,Keyboard,2025-09-18,2735.92
4,Keyboard,2025-09-19,2150.87
4,Keyboard,2025-09-20,2428.37
4,Keyboard,2025-09-21,2086.26
4,Keyboard,2025-09-22,2973.05
4,Keyboard,2025-09-23,1966.34
4,Keyboard,2025-09-24,2409.16
4,Keyboard,2025-09-25,2500.42
4,Keyboard,2025-09-26,2428.99
4,Keyboard,2025-09-27,2244.33
4,Keyboard,2025-09-28,2256.55
4,Keyboard,2025-09-29,2304.73
4,Keyboard,2025-09-30,2244.1
4,Keyboard,2025-10-01,2574.51
4,Keyboard,2025-10-02,2946.18
4,Keyboard,2025-10-03,2113.99
4,Keyboard,2025-10-04,1869.05
4,Keyboard,2025-10-05,2252.81
4,Keyboard,2025-10-06,3053.07
4,Keyboard,2025-10-07,2038.46
4,Keyboard,2025-10-08,2772.26
4,Keyboard,2025-10-09,2785.35
4,Keyboard,2025-10-10,2118.03
4,Keyboard,2025-10-11,2457.43
4,Keyboard,2025-10-12,2778.44
4,Keyboard,2025-10-13,2179.91
4,Keyboard,2025-10-14,2236.86
4,Keyboard,2025-10-15,2128.27
4,Keyboard,2025-10-16,2003.73
4,Keyboard,2025-10-17,2119.29
4,Keyboard,2025-10-18,1953.36
4,Keyboard,2025-10-19,2337.76
4,Keyboard,2025-10-20,2104.06
4,Keyboard,2025-10-21,2413.23
4,Keyboard,2025-10-22,1884.88
4,Keyboard,2025-10-23,2459.97
4,Keyboard,2025-10-24,2620.33
4,Keyboard,2025-10-25,1782.2
4,Keyboard,2025-10-26,2503.08
4,Keyboard,2025-10-27,2770.17
4,Keyboard,2025-10-28,2050.44
4,Keyboard,2025-10-29,2927.03
4,Keyboard,2025-10-30,2563.32
4,Keyboard,2025-10-31,2238.91
4,Keyboard,2025-11-01,2446.89
4,Keyboard,2025-11-02,2644.73
4,Keyboard,2025-11-03,2514.04
4,Keyboard,2025-11-04,2667.25
4,Keyboard,2025-11-05,2244.16
4,Keyboard,2025-11-06,2586.27
4,Keyboard,2025-11-07,2126.79
4,Keyboard,2025-11-08,2533.29
4,Keyboard,2025-11-09,2311.55
4,Keyboard,2025-11-10,2378.41
4,Keyboard,2025-11-11,2986.53
4,Keyboard,2025-11-12,2959.98
4,Keyboard,2025-11-13,2832.45
4,Keyboard,2025-11-14,2339.37
4,Keyboard,2025-11-15,2589.7
4,Keyboard,2025-11-16,3066.3
4,Keyboard,2025-11-17,2762.81
4,Keyboard,2025-11-18,3434.17
4,Keyboard,2025-11-19,2874.58
4,Keyboard,2025-11-20,2832.53
4,Keyboard,2025-11-21,2700.62
4,Keyboard,2025-11-22,2851.93
4,Keyboard,2025-11-23,2784.71
4,Keyboard,2025-11-24,3061.52
4,Keyboard,2025-11-25,3154.75
4,Keyboard,2025-11-26,2650.61
4,Keyboard,2025-11-27,2505.69
4,Keyboard,2025-11-28,2372.83
4,Keyboard,2025-11-29,3094.67
4,Keyboard,2025-11-30,2629.78
4,Keyboard,2025-12-01,2333.36
4,Keyboard,2025-12-02,3114.13
4,Keyboard,2025-12-03,3763.67
4,Keyboard,2025-12-04,3032.03
4,Keyboard,2025-12-05,3303.32
4,Keyboard,2025-12-06,3094.07
4,Keyboard,2025-12-07,3057.41
4,Keyboard,2025-12-08,3380.15
4,Keyboard,2025-12-09,3034.47
4,Keyboard,2025-12-10,3218.65
4,Keyboard,2025-12-11,3251.57
4,Keyboard,2025-12-12,2970.98
4,Keyboard,2025-12-13,3485.08
4,Keyboard,2025-12-14,3150.73
4,Keyboard,2025-12-15,2991.93
4,Keyboard,2025-12-16,3394.7
4,Keyboard,2025-12-17,2978.95
4,Keyboard,2025-12-18,3271.33
4,Keyboard,2025-12-19,3274.14
4,Keyboard,2025-12-20,3616.25
4,Keyboard,2025-12-21,3446.1
4,Keyboard,2025-12-22,3308.97
4,Keyboard,2025-12-23,3574.16
4,Keyboard,2025-12-24,3757.81
4,Keyboard,2025-12-25,3519.56
4,Keyboard,2025-12-26,3366.32
4,Keyboard,2025-12-27,2980.2
4,Keyboard,2025-12-28,3064.26
4,Keyboard,2025-12-29,3301.79
4,Keyboard,2025-12-30,3219.56
4,Keyboard,2025-12-31,3354.87
4,Keyboard,2026-01-01,3435.99
4,Keyboard,2026-01-02,3585.42
4,Keyboard,2026-01-03,3412.35
4,Keyboard,2026-01-04,3585.91
4,Keyboard,2026-01-05,3465.22
4,Keyboard,2026-01-06,2858.61
4,Keyboard,2026-01-07,3174.28
4,Keyboard,2026-01-08,3417.14
4,Keyboard,2026-01-09,3101.19
4,Keyboard,2026-01-10,3647.25
4,Keyboard,2026-01-11,3929.12
4,Keyboard,2026-01-12,3837.59
4,Keyboard,2026-01-13,3409.44
4,Keyboard,2026-01-14,3921.64
4,Keyboard,2026-01-15,3519.43
4,Keyboard,2026-01-16,3373.55
4,Keyboard,2026-01-17,3289.96
4,Keyboard,2026-01-18,3381.99
4,Keyboard,2026-01-19,3354.49
4,Keyboard,2026-01-20,3519.74
4,Keyboard,2026-01-21,3513.93
4,Keyboard,2026-01-22,3463.28
4,Keyboard,2026-01-23,3589.53
4,Keyboard,2026-01-24,3811.22
4,Keyboard,2026-01-25,3733.95
4,Keyboard,2026-01-26,2998.18
4,Keyboard,2026-01-27,2671.54
4,Keyboard,2026-01-28,3711.6
4,Keyboard,2026-01-29,3014.35
4,Keyboard,2026-01-30,3349.62
4,Keyboard,2026-01-31,3058.21
4,Keyboard,2026-02-01,2860.4
4,Keyboard,2026-02-02,3554.74
4,Keyboard,2026-02-03,3610.95
4,Keyboard,2026-02-04,3200.73
4,Keyboard,2026-02-05,2586.46
4,Keyboard,2026-02-06,3189.61
4,Keyboard,2026-02-07,3460.37
4,Keyboard,2026-02-08,2888.14
4,Keyboard,2026-02-09,3375.47
4,Keyboard,2026-02-10,3304.19
4,Keyboard,2026-02-11,3470.58
4,Keyboard,2026-02-12,3320.38
4,Keyboard,2026-02-13,2980.03
4,Keyboard,2026-02-14,3618.1
4,Keyboard,2026-02-15,3198.5
4,Keyboard,2026-02-16,3224.57
4,Keyboard,2026-02-17,2939.27
4,Keyboard,2026-02-18,3072.56
4,Keyboard,2026-02-19,2926.23
4,Keyboard,2026-02-20,3125.74
4,Keyboard,2026-02-21,3676.96
4,Keyboard,2026-02-22,2737.57
4,Keyboard,2026-02-23,2650.66
4,Keyboard,2026-02-24,3561.58
4,Keyboard,2026-02-25,3042.86
4,Keyboard,2026-02-26,2890.32
4,Keyboard,2026-02-27,3388.36
4,Keyboard,2026-02-28,2880.04
4,Keyboard,2026-03-01,3594.86
4,Keyboard,2026-03-02,3235.8
4,Keyboard,2026-03-03,2871.46
4,Keyboard,2026-03-04,3650.49
4,Keyboard,2026-03-05,2807.12
4,Keyboard,2026-03-06,3197.11
4,Keyboard,2026-03-07,3050.02
4,Keyboard,2026-03-08,3336.64
4,Keyboard,2026-03-09,3400.61
4,Keyboard,2026-03-10,2927.97
4,Keyboard,2026-03-11,2678.74
4,Keyboard,2026-03-12,3029.35
4,Keyboard,2026-03-13,2674.86
4,Keyboard,2026-03-14,3469.25
4,Keyboard,2026-03-15,2893.5
4,Keyboard,2026-03-16,2730.53
4,Keyboard,2026-03-17,2883.39
4,Keyboard,2026-03-18,2412.02
4,Keyboard,2026-03-19,2513.16
4,Keyboard,2026-03-20,3153.59
4,Keyboard,2026-03-21,2585.56
4,Keyboard,2026-03-22,2458.09
4,Keyboard,2026-03-23,2923.06
4,Keyboard,2026-03-24,3108.07
4,Keyboard,2026-03-25,2958.73
4,Keyboard,2026-03-26,3032.97
4,Keyboard,2026-03-27,2498.65
4,Keyboard,2026-03-28,2291.12
4,Keyboard,2026-03-29,3160.49
4,Keyboard,2026-03-30,2606.16
4,Keyboard,2026-03-31,2621.07
4,Keyboard,2026-04-01,3088.61
4,Keyboard,2026-04-02,2851.34
4,Keyboard,2026-04-03,2816.06
4,Keyboard,2026-04-04,3324.11
4,Keyboard,2026-04-05,2477.39
4,Keyboard,2026-04-06,2945.15
4,Keyboard,2026-04-07,2680.79
4,Keyboard,2026-04-08,2741.67
4,Keyboard,2026-04-09,3117.58
4,Keyboard,2026-04-10,2809.88
4,Keyboard,2026-04-11,2818.05
4,Keyboard,2026-04-12,2977.9
4,Keyboard,2026-04-13,2546.8
4,Keyboard,2026-04-14,2405.21
4,Keyboard,2026-04-15,2344.77
4,Keyboard,2026-04-16,2070.1
4,Keyboard,2026-04-17,3279.22
4,Keyboard,2026-04-18,2334.3
4,Keyboard,2026-04-19,2602.35
4,Keyboard,2026-04-20,2589.69
4,Keyboard,2026-04-21,2769.52
4,Keyboard,2026-04-22,2927.13
4,Keyboard,2026-04-23,2946.21
4,Keyboard,2026-04-24,2519.34
4,Keyboard,2026-04-25,2650.85
4,Keyboard,2026-04-26,2793.02
4,Keyboard,2026-04-27,2641.43
4,Keyboard,2026-04-28,3206.54
4,Keyboard,2026-04-29,2880.44
4,Keyboard,2026-04-30,2962.93
4,Keyboard,2026-05-01,2951.14
4,Keyboard,2026-05-02,3114.61
4,Keyboard,2026-05-03,2827.65
4,Keyboard,2026-05-04,2395.54
4,Keyboard,2026-05-05,2916.19
4,Keyboard,2026-05-06,2613.02
4,Keyboard,2026-05-07,2662.42
4,Keyboard,2026-05-08,3009.92
4,Keyboard,2026-05-09,3218.91
4,Keyboard,2026-05-10,2867.62
4,Keyboard,2026-05-11,2968.08
4,Keyboard,2026-05-12,3400.67
4,Keyboard,2026-05-13,2977.16
4,Keyboard,2026-05-14,3700.71
4,Keyboard,2026-05-15,3105.45
4,Keyboard,2026-05-16,2423.48
4,Keyboard,2026-05-17,3193.93
4,Keyboard,2026-05-18,3098.76
4,Keyboard,2026-05-19,3388.1
4,Keyboard,2026-05-20,3220.14
5,Monitor,2025-05-21,11958.46
5,Monitor,2025-05-22,11651.37
5,Monitor,2025-05-23,11974.6
5,Monitor,2025-05-24,11800.76
5,Monitor,2025-05-25,11900.31
5,Monitor,2025-05-26,12269.52
5,Monitor,2025-05-27,12612.31
5,Monitor,2025-05-28,12248.01
5,Monitor,2025-05-29,11788.99
5,Monitor,2025-05-30,12299.14
5,Monitor,2025-05-31,12542.59
5,Monitor,2025-06-01,12018.32
5,Monitor,2025-06-02,12178.5
5,Monitor,2025-06-03,12240.36
5,Monitor,2025-06-04,12017.49
5,Monitor,2025-06-05,12464.2
5,Monitor,2025-06-06,12249.92
5,Monitor,2025-06-07,12428.27
5,Monitor,2025-06-08,12052.07
5,Monitor,2025-06-09,12202.68
5,Monitor,2025-06-10,12565.9
5,Monitor,2025-06-11,12252.26
5,Monitor,2025-06-12,12896.76
5,Monitor,2025-06-13,12272.98
5,Monitor,2025-06-14,12474.08
5,Monitor,2025-06-15,12699.87
5,Monitor,2025-06-16,12007.58
5,Monitor,2025-06-17,11917.42
5,Monitor,2025-06-18,12000.11
5,Monitor,2025-06-19,12848.27
5,Monitor,2025-06-20,12315.18
5,Monitor,2025-06-21,13258.96
5,Monitor,2025-06-22,12332.52
5,Monitor,2025-06-23,12566.97
5,Monitor,2025-06-24,12983.55
5,Monitor,2025-06-25,13131.55
5,Monitor,2025-06-26,13156.47
5,Monitor,2025-06-27,12908.31
5,Monitor,2025-06-28,12860.27
5,Monitor,2025-06-29,12737.54
5,Monitor,2025-06-30,12799.48
5,Monitor,2025-07-01,12406.26
5,Monitor,2025-07-02,12331.27
5,Monitor,2025-07-03,12580.27
5,Monitor,2025-07-04,12534.24
5,Monitor,2025-07-05,12452.78
5,Monitor,2025-07-06,12800.57
5,Monitor,2025-07-07,12880.59
5,Monitor,2025-07-08,12622.31
5,Monitor,2025-07-09,13040.28
5,Monitor,2025-07-10,12255.2
5,Monitor,2025-07-11,12539.73
5,Monitor,2025-07-12,12382.36
5,Monitor,2025-07-13,12036.48
5,Monitor,2025-07-14,12570.12
5,Monitor,2025-07-15,12556.34
5,Monitor,2025-07-16,13044.31
5,Monitor,2025-07-17,12776.39
5,Monitor,2025-07-18,12276.24
5,Monitor,2025-07-19,13135.56
5,Monitor,2025-07-20,12940.96
5,Monitor,2025-07-21,12744.09
5,Monitor,2025-07-22,12495.83
5,Monitor,2025-07-23,12269.77
5,Monitor,2025-07-24,12439.29
5,Monitor,2025-07-25,12870.45
5,Monitor,2025-07-26,13101.62
5,Monitor,2025-07-27,12991.19
5,Monitor,2025-07-28,12373.09
5,Monitor,2025-07-29,12174.97
5,Monitor,2025-07-30,12543.81
5,Monitor,2025-07-31,11961.3
5,Monitor,2025-08-01,12578.68
5,Monitor,2025-08-02,12426.98
5,Monitor,2025-08-03,12320.61
5,Monitor,2025-08-04,11970.83
5,Monitor,2025-08-05,12591.8
5,Monitor,2025-08-06,12266.08
5,Monitor,2025-08-07,12062.78
5,Monitor,2025-08-08,11539.65
5,Monitor,2025-08-09,12380.38
5,Monitor,2025-08-10,12907.37
5,Monitor,2025-08-11,12860.88
5,Monitor,2025-08-12,12211.97
5,Monitor,2025-08-13,12154.83
5,Monitor,2025-08-14,12462.33
5,Monitor,2025-08-15,12008.22
5,Monitor,2025-08-16,12384.16
5,Monitor,2025-08-17,12509.2
5,Monitor,2025-08-18,12633.1
5,Monitor,2025-08-19,12220.51
5,Monitor,2025-08-20,12174.92
5,Monitor,2025-08-21,11958.03
5,Monitor,2025-08-22,11958.73
5,Monitor,2025-08-23,12124.19
5,Monitor,2025-08-24,12287.67
5,Monitor,2025-08-25,12436.89
5,Monitor,2025-08-26,11907.24
5,Monitor,2025-08-27,12581.43
5,Monitor,2025-08-28,12037.79
5,Monitor,2025-08-29,12098.31
5,Monitor,2025-08-30,11866.25
5,Monitor,2025-08-31,11348.96
5,Monitor,2025-09-01,12327.4
5,Monitor,2025-09-02,12269.36
5,Monitor,2025-09-03,11950.21
5,Monitor,2025-09-04,12041.2
5,Monitor,2025-09-05,12162.59
5,Monitor,2025-09-06,11525.98
5,Monitor,2025-09-07,11823.2
5,Monitor,2025-09-08,12207.64
5,Monitor,2025-09-09,11580.8
5,Monitor,2025-09-10,12033.16
5,Monitor,2025-09-11,11526.45
5,Monitor,2025-09-12,12062.0
5,Monitor,2025-09-13,11900.37
5,Monitor,2025-09-14,11415.87
5,Monitor,2025-09-15,12239.54
5,Monitor,2025-09-16,11659.83
5,Monitor,2025-09-17,11627.63
5,Monitor,2025-09-18,11921.77
5,Monitor,2025-09-19,12197.51
5,Monitor,2025-09-20,11539.92
5,Monitor,2025-09-21,11855.37
5,Monitor,2025-09-22,11958.16
5,Monitor,2025-09-23,12030.56
5,Monitor,2025-09-24,11869.14
5,Monitor,2025-09-25,11700.18
5,Monitor,2025-09-26,11556.57
5,Monitor,2025-09-27,11825.76
5,Monitor,2025-09-28,11473.85
5,Monitor,2025-09-29,10915.18
5,Monitor,2025-09-30,11919.17
5,Monitor,2025-10-01,12056.52
5,Monitor,2025-10-02,11074.14
5,Monitor,2025-10-03,11478.32
5,Monitor,2025-10-04,11965.74
5,Monitor,2025-10-05,12396.55
5,Monitor,2025-10-06,11785.39
5,Monitor,2025-10-07,11561.16
5,Monitor,2025-10-08,11725.65
5,Monitor,2025-10-09,12194.5
5,Monitor,2025-10-10,11590.32
5,Monitor,2025-10-11,11546.98
5,Monitor,2025-10-12,11645.09
5,Monitor,2025-10-13,11507.65
5,Monitor,2025-10-14,11834.74
5,Monitor,2025-10-15,12290.18
5,Monitor,2025-10-16,11905.08
5,Monitor,2025-10-17,11738.37
5,Monitor,2025-10-18,11732.99
5,Monitor,2025-10-19,11358.57
5,Monitor,2025-10-20,12099.98
5,Monitor,2025-10-21,11819.74
5,Monitor,2025-10-22,11797.5
5,Monitor,2025-10-23,12818.64
5,Monitor,2025-10-24,11959.9
5,Monitor,2025-10-25,11654.79
5,Monitor,2025-10-26,11762.95
5,Monitor,2025-10-27,12246.4
5,Monitor,2025-10-28,11947.32
5,Monitor,2025-10-29,11493.77
5,Monitor,2025-10-30,12213.39
5,Monitor,2025-10-31,11749.97
5,Monitor,2025-11-01,12525.61
5,Monitor,2025-11-02,12301.24
5,Monitor,2025-11-03,11857.04
5,Monitor,2025-11-04,12389.92
5,Monitor,2025-11-05,12040.72
5,Monitor,2025-11-06,12291.3
5,Monitor,2025-11-07,12196.32
5,Monitor,2025-11-08,11812.75
5,Monitor,2025-11-09,11889.65
5,Monitor,2025-11-10,12408.06
5,Monitor,2025-11-11,12015.27
5,Monitor,2025-11-12,12011.49
5,Monitor,2025-11-13,11863.17
5,Monitor,2025-11-14,12294.14
5,Monitor,2025-11-15,12803.38
5,Monitor,2025-11-16,11882.11
5,Monitor,2025-11-17,12227.56
5,Monitor,2025-11-18,12662.04
5,Monitor,2025-11-19,12232.69
5,Monitor,2025-11-20,12410.63
5,Monitor,2025-11-21,11974.64
5,Monitor,2025-11-22,12440.36
5,Monitor,2025-11-23,12274.31
5,Monitor,2025-11-24,12644.8
5,Monitor,2025-11-25,12723.96
5,Monitor,2025-11-26,13163.28
5,Monitor,2025-11-27,12578.95
5,Monitor,2025-11-28,12521.43
5,Monitor,2025-11-29,12500.59
5,Monitor,2025-11-30,12354.84
5,Monitor,2025-12-01,12580.77
5,Monitor,2025-12-02,12408.94
5,Monitor,2025-12-03,12566.31
5,Monitor,2025-12-04,12929.13
5,Monitor,2025-12-05,12249.81
5,Monitor,2025-12-06,12911.48
5,Monitor,2025-12-07,12982.21
5,Monitor,2025-12-08,12569.0
5,Monitor,2025-12-09,11984.99
5,Monitor,2025-12-10,12456.09
5,Monitor,2025-12-11,13044.16
5,Monitor,2025-12-12,12664.55
5,Monitor,2025-12-13,12387.68
5,Monitor,2025-12-14,12551.79
5,Monitor,2025-12-15,12970.84
5,Monitor,2025-12-16,12897.77
5,Monitor,2025-12-17,12676.81
5,Monitor,2025-12-18,12652.83
5,Monitor,2025-12-19,12659.35
5,Monitor,2025-12-20,12513.76
5,Monitor,2025-12-21,13288.3
5,Monitor,2025-12-22,12719.78
5,Monitor,2025-12-23,13193.98
5,Monitor,2025-12-24,13297.15
5,Monitor,2025-12-25,13151.71
5,Monitor,2025-12-26,12733.73
5,Monitor,2025-12-27,12994.87
5,Monitor,2025-12-28,12876.54
5,Monitor,2025-12-29,12622.24
5,Monitor,2025-12-30,12999.72
5,Monitor,2025-12-31,12557.25
5,Monitor,2026-01-01,13275.3
5,Monitor,2026-01-02,12787.13
5,Monitor,2026-01-03,12993.85
5,Monitor,2026-01-04,13024.95
5,Monitor,2026-01-05,12868.21
5,Monitor,2026-01-06,13127.26
5,Monitor,2026-01-07,12813.61
5,Monitor,2026-01-08,13221.75
5,Monitor,2026-01-09,12560.3
5,Monitor,2026-01-10,13005.19
5,Monitor,2026-01-11,13551.57
5,Monitor,2026-01-12,12671.86
5,Monitor,2026-01-13,12770.15
5,Monitor,2026-01-14,13128.6
5,Monitor,2026-01-15,13028.7
5,Monitor,2026-01-16,13079.87
5,Monitor,2026-01-17,13120.74
5,Monitor,2026-01-18,13163.15
5,Monitor,2026-01-19,13303.85
5,Monitor,2026-01-20,13091.56
5,Monitor,2026-01-21,12893.38
5,Monitor,2026-01-22,13164.14
5,Monitor,2026-01-23,13528.42
5,Monitor,2026-01-24,12914.23
5,Monitor,2026-01-25,12656.73
5,Monitor,2026-01-26,13275.77
5,Monitor,2026-01-27,12901.6
5,Monitor,2026-01-28,12279.5
5,Monitor,2026-01-29,13178.64
5,Monitor,2026-01-30,12756.45
5,Monitor,2026-01-31,12882.08
5,Monitor,2026-02-01,13000.58
5,Monitor,2026-02-02,12949.45
5,Monitor,2026-02-03,13096.03
5,Monitor,2026-02-04,12743.04
5,Monitor,2026-02-05,13017.71
5,Monitor,2026-02-06,12775.62
5,Monitor,2026-02-07,13064.47
5,Monitor,2026-02-08,13016.42
5,Monitor,2026-02-09,12539.83
5,Monitor,2026-02-10,13134.58
5,Monitor,2026-02-11,12636.0
5,Monitor,2026-02-12,13026.93
5,Monitor,2026-02-13,12882.14
5,Monitor,2026-02-14,13310.58
5,Monitor,2026-02-15,12679.02
5,Monitor,2026-02-16,12627.97
5,Monitor,2026-02-17,12713.43
5,Monitor,2026-02-18,12614.6
5,Monitor,2026-02-19,12931.65
5,Monitor,2026-02-20,12192.73
5,Monitor,2026-02-21,12347.34
5,Monitor,2026-02-22,12328.8
5,Monitor,2026-02-23,12919.82
5,Monitor,2026-02-24,13133.41
5,Monitor,2026-02-25,12574.32
5,Monitor,2026-02-26,12540.39
5,Monitor,2026-02-27,12597.4
5,Monitor,2026-02-28,12910.29
5,Monitor,2026-03-01,12268.86
5,Monitor,2026-03-02,12603.94
5,Monitor,2026-03-03,12810.39
5,Monitor,2026-03-04,12653.62
5,Monitor,2026-03-05,12545.71
5,Monitor,2026-03-06,12774.79
5,Monitor,2026-03-07,11649.26
5,Monitor,2026-03-08,12649.48
5,Monitor,2026-03-09,12235.94
5,Monitor,2026-03-10,11869.18
5,Monitor,2026-03-11,12558.12
5,Monitor,2026-03-12,12803.46
5,Monitor,2026-03-13,12336.94
5,Monitor,2026-03-14,12651.09
5,Monitor,2026-03-15,12836.23
5,Monitor,2026-03-16,12734.6
5,Monitor,2026-03-17,12819.98
5,Monitor,2026-03-18,12538.8
5,Monitor,2026-03-19,12327.28
5,Monitor,2026-03-20,11812.87
5,Monitor,2026-03-21,12208.81
5,Monitor,2026-03-22,12019.19
5,Monitor,2026-03-23,12913.35
5,Monitor,2026-03-24,12199.59
5,Monitor,2026-03-25,12280.01
5,Monitor,2026-03-26,12399.6
5,Monitor,2026-03-27,12238.77
5,Monitor,2026-03-28,12726.18
5,Monitor,2026-03-29,12023.29
5,Monitor,2026-03-30,12261.35
5,Monitor,2026-03-31,11973.58
5,Monitor,2026-04-01,11794.15
5,Monitor,2026-04-02,12000.94
5,Monitor,2026-04-03,12168.18
5,Monitor,2026-04-04,12045.82
5,Monitor,2026-04-05,11962.72
5,Monitor,2026-04-06,11744.91
5,Monitor,2026-04-07,12138.75
5,Monitor,2026-04-08,11709.68
5,Monitor,2026-04-09,12387.06
5,Monitor,2026-04-10,12182.26
5,Monitor,2026-04-11,11719.3
5,Monitor,2026-04-12,12063.39
5,Monitor,2026-04-13,11930.63
5,Monitor,2026-04-14,12252.72
5,Monitor,2026-04-15,12560.34
5,Monitor,2026-04-16,11597.45
5,Monitor,2026-04-17,12196.86
5,Monitor,2026-04-18,12117.22
5,Monitor,2026-04-19,12370.13
5,Monitor,2026-04-20,12236.7
5,Monitor,2026-04-21,11951.71
5,Monitor,2026-04-22,12086.69
5,Monitor,2026-04-23,11949.26
5,Monitor,2026-04-24,12517.06
5,Monitor,2026-04-25,12207.38
5,Monitor,2026-04-26,12778.61
5,Monitor,2026-04-27,12197.84
5,Monitor,2026-04-28,12011.81
5,Monitor,2026-04-29,11779.03
5,Monitor,2026-04-30,11701.52
5,Monitor,2026-05-01,11777.03
5,Monitor,2026-05-02,12342.71
5,Monitor,2026-05-03,12425.96
5,Monitor,2026-05-04,11810.23
5,Monitor,2026-05-05,12564.8
5,Monitor,2026-05-06,12163.51
5,Monitor,2026-05-07,12365.05
5,Monitor,2026-05-08,12817.68
5,Monitor,2026-05-09,12616.48
5,Monitor,2026-05-10,12280.68
5,Monitor,2026-05-11,12108.08
5,Monitor,2026-05-12,11744.46
5,Monitor,2026-05-13,12189.19
5,Monitor,2026-05-14,12356.86
5,Monitor,2026-05-15,12139.65
5,Monitor,2026-05-16,12412.34
5,Monitor,2026-05-17,12490.98
5,Monitor,2026-05-18,12416.96
5,Monitor,2026-05-19,12306.18
5,Monitor,2026-05-20,12568.78
